original_tweet,username,tweet_id,retweet_id,retweeted_user_screen_name,created_at,content,number_of_interactions,favorite_count,retweet_count,deleted,deleted_at,owner
https://twitter.com/abuga_makori/status/1465698810500288513,abuga_makori,1465698810500288513,,,2021-12-07T10:21:53.162354Z,What I know is that Fred Matiang'i will be a very indispensable figure during and after elections. He will be in Raila Odinga's gov't for the purposes of institutional memory.  Our friend Itumbi will be still blogging for incoming opposition leader Dr. Ru,0,0,0,True,2021-11-30T15:20:19Z,"{""account_id"": 1291576616, ""created_at"": ""2021-12-07T10:04:20.594991Z"", ""updated_at"": ""2021-12-07T10:04:20.595088Z"", ""name"": null, ""screen_name"": ""abuga_makori"", ""verified"": false, ""protected"": false, ""location"": null, ""description"": null, ""followers_count"": 0, ""friends_count"": 0, ""favourites_count"": 0, ""statuses_count"": 0, ""profile_image_url"": null, ""deleted"": false}"
https://twitter.com/abuga_makori/status/1465698054619631622,abuga_makori,1465698054619631622,,,2021-12-07T10:21:53.086842Z,What I know is that Fred Matiang'i will be a very indispensable figure during and after elections. He will be in Raila Odinga's gov't for the purposes of institutional memory.  Our friend Itumbi will be still blogging for incoming opposition leader Dr. Ru,0,0,0,True,2021-11-30T15:06:40Z,"{""account_id"": 1291576616, ""created_at"": ""2021-12-07T10:04:20.594991Z"", ""updated_at"": ""2021-12-07T10:04:20.595088Z"", ""name"": null, ""screen_name"": ""abuga_makori"", ""verified"": false, ""protected"": false, ""location"": null, ""description"": null, ""followers_count"": 0, ""friends_count"": 0, ""favourites_count"": 0, ""statuses_count"": 0, ""profile_image_url"": null, ""deleted"": false}"
https://twitter.com/abuga_makori/status/1465697438241484817,abuga_makori,1465697438241484817,,,2021-12-07T10:21:53.075416Z,What I know is that Fred Matiang'i will be a very indispensable figure during and after elections. He will he in Raila Odinga's gov't for the purposes of institutional memory.  Our friend Itumbi will be still blogging for incoming opposition leader Dr. Ru,0,0,0,True,2021-11-30T15:03:22Z,"{""account_id"": 1291576616, ""created_at"": ""2021-12-07T10:04:20.594991Z"", ""updated_at"": ""2021-12-07T10:04:20.595088Z"", ""name"": null, ""screen_name"": ""abuga_makori"", ""verified"": false, ""protected"": false, ""location"": null, ""description"": null, ""followers_count"": 0, ""friends_count"": 0, ""favourites_count"": 0, ""statuses_count"": 0, ""profile_image_url"": null, ""deleted"": false}"
https://twitter.com/abuga_makori/status/1465547213183098884,abuga_makori,1465547213183098884,,,2021-12-07T10:21:50.068511Z,"Watching this girl recite a poem in Bridgetown, I just thought it was @TheAmandaGorman, the girl who stole the show during Joe Biden inauguration. Congratulations Barbados for becoming a republic. Special thinks to Mia Amor and incoming President Sandra M",0,0,0,True,2021-11-30T05:05:03Z,"{""account_id"": 1291576616, ""created_at"": ""2021-12-07T10:04:20.594991Z"", ""updated_at"": ""2021-12-07T10:04:20.595088Z"", ""name"": null, ""screen_name"": ""abuga_makori"", ""verified"": false, ""protected"": false, ""location"": null, ""description"": null, ""followers_count"": 0, ""friends_count"": 0, ""favourites_count"": 0, ""statuses_count"": 0, ""profile_image_url"": null, ""deleted"": false}"
https://twitter.com/abuga_makori/status/1465528085076402181,abuga_makori,1465528085076402181,,,2021-12-07T10:21:49.852420Z,Awarding Lionel Andres Messi Balloon D'or was just outright #robbery of the century. Just coz he had a good run with Argentina in 2021 doesn't really mean he deserved it.  They should have started by awarding Robert Lewandoski. This was outright theft.  #,0,0,0,True,2021-11-30T03:49:54Z,"{""account_id"": 1291576616, ""created_at"": ""2021-12-07T10:04:20.594991Z"", ""updated_at"": ""2021-12-07T10:04:20.595088Z"", ""name"": null, ""screen_name"": ""abuga_makori"", ""verified"": false, ""protected"": false, ""location"": null, ""description"": null, ""followers_count"": 0, ""friends_count"": 0, ""favourites_count"": 0, ""statuses_count"": 0, ""profile_image_url"": null, ""deleted"": false}"
https://twitter.com/abuga_makori/status/1465387833036877824,abuga_makori,1465387833036877824,,,2021-12-07T10:21:47.238782Z,"BRIDGETOWN: This week, the female gender will have a new president in Sandra Mason. Barbados, the home of Rihanna Robyn @rihanna ... Will become a republic.

The Queen has been the Head of State .... As PM, Mason visited NAIROBI recently upon President Uh",0,0,0,True,2021-11-29T18:32:33Z,"{""account_id"": 1291576616, ""created_at"": ""2021-12-07T10:04:20.594991Z"", ""updated_at"": ""2021-12-07T10:04:20.595088Z"", ""name"": null, ""screen_name"": ""abuga_makori"", ""verified"": false, ""protected"": false, ""location"": null, ""description"": null, ""followers_count"": 0, ""friends_count"": 0, ""favourites_count"": 0, ""statuses_count"": 0, ""profile_image_url"": null, ""deleted"": false}"
https://twitter.com/abuga_makori/status/1465371279440158734,abuga_makori,1465371279440158734,,,2021-12-07T10:21:46.598288Z,@Lupita_Nyongo Congratulations Lupita,0,0,0,True,2021-11-29T17:26:14Z,"{""account_id"": 1291576616, ""created_at"": ""2021-12-07T10:04:20.594991Z"", ""updated_at"": ""2021-12-07T10:04:20.595088Z"", ""name"": null, ""screen_name"": ""abuga_makori"", ""verified"": false, ""protected"": false, ""location"": null, ""description"": null, ""followers_count"": 0, ""friends_count"": 0, ""favourites_count"": 0, ""statuses_count"": 0, ""profile_image_url"": null, ""deleted"": false}"
https://twitter.com/abuga_makori/status/1464990412603596807,abuga_makori,1464990412603596807,,,2021-12-07T10:21:38.344462Z,So Carrick has dropped Ronaldo? No Greenwood?  This is why Paul Scholes said all these fellows in coaching staff must go. Disappointed even even the game starts. #CHEMUN #MUFC https://t.co/HGxgMXvojI,0,0,0,True,2021-11-28T16:16:06Z,"{""account_id"": 1291576616, ""created_at"": ""2021-12-07T10:04:20.594991Z"", ""updated_at"": ""2021-12-07T10:04:20.595088Z"", ""name"": null, ""screen_name"": ""abuga_makori"", ""verified"": false, ""protected"": false, ""location"": null, ""description"": null, ""followers_count"": 0, ""friends_count"": 0, ""favourites_count"": 0, ""statuses_count"": 0, ""profile_image_url"": null, ""deleted"": false}"
https://twitter.com/abuga_makori/status/1464941320888332288,abuga_makori,1464941320888332288,,,2021-12-07T10:21:37.437320Z,"DP Ruto cannot be trusted with presidency. He's too dangerous for this nation ~ Martha Karua in a past interview.

This is why I usually refer to Ruto as CEO Liars Association of Kenya.",0,0,0,True,2021-11-28T13:00:22Z,"{""account_id"": 1291576616, ""created_at"": ""2021-12-07T10:04:20.594991Z"", ""updated_at"": ""2021-12-07T10:04:20.595088Z"", ""name"": null, ""screen_name"": ""abuga_makori"", ""verified"": false, ""protected"": false, ""location"": null, ""description"": null, ""followers_count"": 0, ""friends_count"": 0, ""favourites_count"": 0, ""statuses_count"": 0, ""profile_image_url"": null, ""deleted"": false}"
https://twitter.com/abuga_makori/status/1464909796931518474,abuga_makori,1464909796931518474,,,2021-12-07T10:21:36.954460Z,"In Somalia, people came together, contributed resources and built this port in the coast of Puntland state. The port is called Gara'ad. One of the most successful community project in modern times. Congrats. https://t.co/2I6qKYKNm1",0,0,0,True,2021-11-28T10:53:19Z,"{""account_id"": 1291576616, ""created_at"": ""2021-12-07T10:04:20.594991Z"", ""updated_at"": ""2021-12-07T10:04:20.595088Z"", ""name"": null, ""screen_name"": ""abuga_makori"", ""verified"": false, ""protected"": false, ""location"": null, ""description"": null, ""followers_count"": 0, ""friends_count"": 0, ""favourites_count"": 0, ""statuses_count"": 0, ""profile_image_url"": null, ""deleted"": false}"
https://twitter.com/abuga_makori/status/1464847942389571584,abuga_makori,1464847942389571584,,,2021-12-07T10:21:35.665858Z,Tangatanga will always be crybabies. They are now dragging the name of PS Kibicho ahead of DP Ruto's visit to the region. I'll be keen to see if Purity Ngerici attends. Waiguru hijacked UDA from her. The house is crumbling.,0,0,0,True,2021-11-28T06:46:09Z,"{""account_id"": 1291576616, ""created_at"": ""2021-12-07T10:04:20.594991Z"", ""updated_at"": ""2021-12-07T10:04:20.595088Z"", ""name"": null, ""screen_name"": ""abuga_makori"", ""verified"": false, ""protected"": false, ""location"": null, ""description"": null, ""followers_count"": 0, ""friends_count"": 0, ""favourites_count"": 0, ""statuses_count"": 0, ""profile_image_url"": null, ""deleted"": false}"
https://twitter.com/abuga_makori/status/1464810765605646338,abuga_makori,1464810765605646338,,,2021-12-07T10:21:34.923768Z,"You can no longer lie to Kikuyus. President Uhuru Kenyatta and his troops know what they did in Mt Kenya to protect Uhuruto regime. Ndindi Nyoro should refresh his memory, live with the fact that lies will no longer sell in Mt Kenya. DP Ruto is a man on d",0,0,0,True,2021-11-28T04:21:21Z,"{""account_id"": 1291576616, ""created_at"": ""2021-12-07T10:04:20.594991Z"", ""updated_at"": ""2021-12-07T10:04:20.595088Z"", ""name"": null, ""screen_name"": ""abuga_makori"", ""verified"": false, ""protected"": false, ""location"": null, ""description"": null, ""followers_count"": 0, ""friends_count"": 0, ""favourites_count"": 0, ""statuses_count"": 0, ""profile_image_url"": null, ""deleted"": false}"
https://twitter.com/Shaddymusembi1/status/1464579969561116684,Shaddymusembi1,1464579969561116684,,,2021-12-07T10:21:30.642368Z,"RT @Shaddymusembi1: Portriz ward Changamwe has so decided: Firmly behind BABA @RailaOdinga the fifth Governor @SuleimanShahbal the second,…",0,0,0,True,2021-11-27T13:01:07Z,"{""account_id"": 345280320, ""created_at"": ""2021-12-07T10:04:20.588917Z"", ""updated_at"": ""2021-12-07T10:04:20.588981Z"", ""name"": null, ""screen_name"": ""Shaddymusembi1"", ""verified"": false, ""protected"": false, ""location"": null, ""description"": null, ""followers_count"": 0, ""friends_count"": 0, ""favourites_count"": 0, ""statuses_count"": 0, ""profile_image_url"": null, ""deleted"": false}"
https://twitter.com/Shaddymusembi1/status/1464579921125285892,Shaddymusembi1,1464579921125285892,,,2021-12-07T10:21:30.635764Z,"Portriz ward Changamwe has so decided: Firmly behind BABA @RailaOdinga the fifth Governor @SuleimanShahbal the second, County women Rep Mama @Zamzammohammed7
#RailaInNyeri
#OneLove #Inawezekana 
#Changemustcome https://t.co/SkY1ZCDbky",0,0,0,True,2021-11-27T13:01:07Z,"{""account_id"": 345280320, ""created_at"": ""2021-12-07T10:04:20.588917Z"", ""updated_at"": ""2021-12-07T10:04:20.588981Z"", ""name"": null, ""screen_name"": ""Shaddymusembi1"", ""verified"": false, ""protected"": false, ""location"": null, ""description"": null, ""followers_count"": 0, ""friends_count"": 0, ""favourites_count"": 0, ""statuses_count"": 0, ""profile_image_url"": null, ""deleted"": false}"
https://twitter.com/RandalMwinzi/status/1464294786882547713,RandalMwinzi,1464294786882547713,,,2021-12-07T10:21:26.349038Z,"RT @BettKMax: Which is your favorite TV show, random winner to get Ksh. 300. Reply using #12Actions",0,0,0,True,2021-11-26T18:31:20Z,"{""account_id"": 1020318516233293825, ""created_at"": ""2021-12-07T10:04:20.563886Z"", ""updated_at"": ""2021-12-07T10:04:20.563926Z"", ""name"": null, ""screen_name"": ""RandalMwinzi"", ""verified"": false, ""protected"": false, ""location"": null, ""description"": null, ""followers_count"": 0, ""friends_count"": 0, ""favourites_count"": 0, ""statuses_count"": 0, ""profile_image_url"": null, ""deleted"": false}"
https://twitter.com/RandalMwinzi/status/1464213125868183557,RandalMwinzi,1464213125868183557,,,2021-12-07T10:21:24.147619Z,"@Twaweza_Ke @IEAKenya Looking forward to this great conversation
#Cocid19VaccinationKE",0,0,0,True,2021-11-26T12:43:23Z,"{""account_id"": 1020318516233293825, ""created_at"": ""2021-12-07T10:04:20.563886Z"", ""updated_at"": ""2021-12-07T10:04:20.563926Z"", ""name"": null, ""screen_name"": ""RandalMwinzi"", ""verified"": false, ""protected"": false, ""location"": null, ""description"": null, ""followers_count"": 0, ""friends_count"": 0, ""favourites_count"": 0, ""statuses_count"": 0, ""profile_image_url"": null, ""deleted"": false}"
https://twitter.com/Shaddymusembi1/status/1463909184962015239,Shaddymusembi1,1463909184962015239,,,2021-12-07T10:21:18.055790Z,"Safi Sana Brother @OfficialMasauti
With incoming Mombasa Governor Mheshimiwa @SuleimanShahbal 
#OrangeTheWorld
#Inawezekana #WiperNDC #Newsnight #newsgang #JKLive https://t.co/gecbNa7RHW",0,0,0,True,2021-11-25T16:36:25Z,"{""account_id"": 345280320, ""created_at"": ""2021-12-07T10:04:20.588917Z"", ""updated_at"": ""2021-12-07T10:04:20.588981Z"", ""name"": null, ""screen_name"": ""Shaddymusembi1"", ""verified"": false, ""protected"": false, ""location"": null, ""description"": null, ""followers_count"": 0, ""friends_count"": 0, ""favourites_count"": 0, ""statuses_count"": 0, ""profile_image_url"": null, ""deleted"": false}"
https://twitter.com/Shaddymusembi1/status/1463909348569198596,Shaddymusembi1,1463909348569198596,,,2021-12-07T10:21:18.066114Z,"RT @Shaddymusembi1: Safi Sana Brother @OfficialMasauti
With incoming Mombasa Governor Mheshimiwa @SuleimanShahbal 
#OrangeTheWorld
#Inaweze…",0,0,0,True,2021-11-25T16:36:15Z,"{""account_id"": 345280320, ""created_at"": ""2021-12-07T10:04:20.588917Z"", ""updated_at"": ""2021-12-07T10:04:20.588981Z"", ""name"": null, ""screen_name"": ""Shaddymusembi1"", ""verified"": false, ""protected"": false, ""location"": null, ""description"": null, ""followers_count"": 0, ""friends_count"": 0, ""favourites_count"": 0, ""statuses_count"": 0, ""profile_image_url"": null, ""deleted"": false}"
https://twitter.com/abuga_makori/status/1463718632467410945,abuga_makori,1463718632467410945,,,2021-12-07T10:21:13.003298Z,There is a time DP Ruto and UDA said they are comfortable even if Oburu Oginga is appointed IEBC chair. They are now targeting XJ Martha Koome. https://t.co/96xqlrpxB3,0,0,0,True,2021-11-25T03:58:23Z,"{""account_id"": 1291576616, ""created_at"": ""2021-12-07T10:04:20.594991Z"", ""updated_at"": ""2021-12-07T10:04:20.595088Z"", ""name"": null, ""screen_name"": ""abuga_makori"", ""verified"": false, ""protected"": false, ""location"": null, ""description"": null, ""followers_count"": 0, ""friends_count"": 0, ""favourites_count"": 0, ""statuses_count"": 0, ""profile_image_url"": null, ""deleted"": false}"
https://twitter.com/abuga_makori/status/1462817953146093573,abuga_makori,1462817953146093573,,,2021-12-07T10:20:52.073808Z,The amount of resources Purity Ngerici has put in her quest to dethrone Waiguru as Kirinyaga Governor won't allow her to quit the race in favour of someone. One of them will have to part ways with DP William Ruto.,0,0,0,True,2021-11-22T16:26:49Z,"{""account_id"": 1291576616, ""created_at"": ""2021-12-07T10:04:20.594991Z"", ""updated_at"": ""2021-12-07T10:04:20.595088Z"", ""name"": null, ""screen_name"": ""abuga_makori"", ""verified"": false, ""protected"": false, ""location"": null, ""description"": null, ""followers_count"": 0, ""friends_count"": 0, ""favourites_count"": 0, ""statuses_count"": 0, ""profile_image_url"": null, ""deleted"": false}"
https://twitter.com/abuga_makori/status/1462761730686205954,abuga_makori,1462761730686205954,,,2021-12-07T10:20:50.462725Z,"West Pokot is a swing county. Raila Odinga can even beat DP William Ruto in that region. It's a tossup. DP Ruto will only score well in Nandi, Uasin Gishu, Kericho, Bomet and Elgeyo-Marakwet. https://t.co/xOY2oR0aTS",0,0,0,True,2021-11-22T12:44:10Z,"{""account_id"": 1291576616, ""created_at"": ""2021-12-07T10:04:20.594991Z"", ""updated_at"": ""2021-12-07T10:04:20.595088Z"", ""name"": null, ""screen_name"": ""abuga_makori"", ""verified"": false, ""protected"": false, ""location"": null, ""description"": null, ""followers_count"": 0, ""friends_count"": 0, ""favourites_count"": 0, ""statuses_count"": 0, ""profile_image_url"": null, ""deleted"": false}"
https://twitter.com/abuga_makori/status/1462760559477149699,abuga_makori,1462760559477149699,,,2021-12-07T10:20:50.448599Z,"West Pokot is a swing county. Raila Odinga can even best DP William Ruto in that region. It's a tossup. DP Ruto will only score well in Nandi, Uasin Gishu, Kericho, Bomet and Elgeyo-Marakwet. https://t.co/xgAZVDfWy5",0,0,0,True,2021-11-22T12:35:18Z,"{""account_id"": 1291576616, ""created_at"": ""2021-12-07T10:04:20.594991Z"", ""updated_at"": ""2021-12-07T10:04:20.595088Z"", ""name"": null, ""screen_name"": ""abuga_makori"", ""verified"": false, ""protected"": false, ""location"": null, ""description"": null, ""followers_count"": 0, ""friends_count"": 0, ""favourites_count"": 0, ""statuses_count"": 0, ""profile_image_url"": null, ""deleted"": false}"
https://twitter.com/Shaddymusembi1/status/1462646242761224195,Shaddymusembi1,1462646242761224195,,,2021-12-07T10:20:46.518515Z,"RT @mohammedhersi: Buxton Point Project is well on course, well done Gov Joho &amp; Suleiman Shahbal https://t.co/L6BntDqbDr",0,0,0,True,2021-11-22T11:08:19Z,"{""account_id"": 345280320, ""created_at"": ""2021-12-07T10:04:20.588917Z"", ""updated_at"": ""2021-12-07T10:04:20.588981Z"", ""name"": null, ""screen_name"": ""Shaddymusembi1"", ""verified"": false, ""protected"": false, ""location"": null, ""description"": null, ""followers_count"": 0, ""friends_count"": 0, ""favourites_count"": 0, ""statuses_count"": 0, ""profile_image_url"": null, ""deleted"": false}"
https://twitter.com/Shaddymusembi1/status/1461225809465778177,Shaddymusembi1,1461225809465778177,,,2021-12-07T10:20:10.123059Z,"RT @ShahbalTeam: Now the @UDAKenya Governor candidate @HassanOmarH endorse  Mheshimiwa @SuleimanShahbal to succeed Governor Joho, this come…",0,0,0,True,2021-11-22T08:35:24Z,"{""account_id"": 345280320, ""created_at"": ""2021-12-07T10:04:20.588917Z"", ""updated_at"": ""2021-12-07T10:04:20.588981Z"", ""name"": null, ""screen_name"": ""Shaddymusembi1"", ""verified"": false, ""protected"": false, ""location"": null, ""description"": null, ""followers_count"": 0, ""friends_count"": 0, ""favourites_count"": 0, ""statuses_count"": 0, ""profile_image_url"": null, ""deleted"": false}"
https://twitter.com/abuga_makori/status/1461547496006639618,abuga_makori,1461547496006639618,,,2021-12-07T10:20:19.751643Z,These guys were almost at Garissa. They were gone.. Thanks to Kitui residents.. https://t.co/J34Jo5G2NB,0,0,0,True,2021-11-19T04:11:08Z,"{""account_id"": 1291576616, ""created_at"": ""2021-12-07T10:04:20.594991Z"", ""updated_at"": ""2021-12-07T10:04:20.595088Z"", ""name"": null, ""screen_name"": ""abuga_makori"", ""verified"": false, ""protected"": false, ""location"": null, ""description"": null, ""followers_count"": 0, ""friends_count"": 0, ""favourites_count"": 0, ""statuses_count"": 0, ""profile_image_url"": null, ""deleted"": false}"
https://twitter.com/RandalMwinzi/status/1461266235245608965,RandalMwinzi,1461266235245608965,,,2021-12-07T10:20:11.282317Z,RT @KenyaSiHa_me: All role model female leaders are present at the #AzimioLaKinaMama event at Catholic University of Kenya https://t.co/EJg…,0,0,0,True,2021-11-18T09:33:30Z,"{""account_id"": 1020318516233293825, ""created_at"": ""2021-12-07T10:04:20.563886Z"", ""updated_at"": ""2021-12-07T10:04:20.563926Z"", ""name"": null, ""screen_name"": ""RandalMwinzi"", ""verified"": false, ""protected"": false, ""location"": null, ""description"": null, ""followers_count"": 0, ""friends_count"": 0, ""favourites_count"": 0, ""statuses_count"": 0, ""profile_image_url"": null, ""deleted"": false}"
https://twitter.com/Shaddymusembi1/status/1461225506435653635,Shaddymusembi1,1461225506435653635,,,2021-12-07T10:20:10.109088Z,"RT @ShahbalTeam: Now the @UDAKenya Governor candidate @HassanOmarH endorse  Mheshimiwa @SuleimanShahbal to succeed Governor Joho, this come…",0,0,0,True,2021-11-18T06:51:35Z,"{""account_id"": 345280320, ""created_at"": ""2021-12-07T10:04:20.588917Z"", ""updated_at"": ""2021-12-07T10:04:20.588981Z"", ""name"": null, ""screen_name"": ""Shaddymusembi1"", ""verified"": false, ""protected"": false, ""location"": null, ""description"": null, ""followers_count"": 0, ""friends_count"": 0, ""favourites_count"": 0, ""statuses_count"": 0, ""profile_image_url"": null, ""deleted"": false}"
https://twitter.com/abuga_makori/status/1461039451455512579,abuga_makori,1461039451455512579,,,2021-12-07T10:20:04.929483Z,"The problem at prisons was not that hopeless Mzee Ogola. The problem is clearly in Kamiti Maximum prison. CS Matiangi and PS Kibicho would have investigated the matter, taken correct actions. Clearly, a wrong man was fired.",0,0,0,True,2021-11-17T18:40:36Z,"{""account_id"": 1291576616, ""created_at"": ""2021-12-07T10:04:20.594991Z"", ""updated_at"": ""2021-12-07T10:04:20.595088Z"", ""name"": null, ""screen_name"": ""abuga_makori"", ""verified"": false, ""protected"": false, ""location"": null, ""description"": null, ""followers_count"": 0, ""friends_count"": 0, ""favourites_count"": 0, ""statuses_count"": 0, ""profile_image_url"": null, ""deleted"": false}"
https://twitter.com/abuga_makori/status/1461039241379594245,abuga_makori,1461039241379594245,,,2021-12-07T10:20:04.921001Z,"The problem at prisons was not that hopeless Mzee Ogola. The problem is clearly in Kamiti Maximum prison. CS Matiang'i and PS Kibicho would have investigated the matter, taken correct actions. Clearly, a wrong man was fired.",0,0,0,True,2021-11-17T18:31:59Z,"{""account_id"": 1291576616, ""created_at"": ""2021-12-07T10:04:20.594991Z"", ""updated_at"": ""2021-12-07T10:04:20.595088Z"", ""name"": null, ""screen_name"": ""abuga_makori"", ""verified"": false, ""protected"": false, ""location"": null, ""description"": null, ""followers_count"": 0, ""friends_count"": 0, ""favourites_count"": 0, ""statuses_count"": 0, ""profile_image_url"": null, ""deleted"": false}"
https://twitter.com/Shaddymusembi1/status/1460965704795140099,Shaddymusembi1,1460965704795140099,,,2021-12-07T10:20:01.841176Z,BREAKING: Pres. Uhuru Kenyatta sacks Kenya Prisons Service Commissioner-General Wycliffe Ogalo over Kamiti prison break.,0,0,0,True,2021-11-17T13:45:21Z,"{""account_id"": 345280320, ""created_at"": ""2021-12-07T10:04:20.588917Z"", ""updated_at"": ""2021-12-07T10:04:20.588981Z"", ""name"": null, ""screen_name"": ""Shaddymusembi1"", ""verified"": false, ""protected"": false, ""location"": null, ""description"": null, ""followers_count"": 0, ""friends_count"": 0, ""favourites_count"": 0, ""statuses_count"": 0, ""profile_image_url"": null, ""deleted"": false}"
https://twitter.com/abuga_makori/status/1460464327371198464,abuga_makori,1460464327371198464,,,2021-12-07T10:19:50.802922Z,"I hate when I see people comparing Wayne Rooney with Harry Kane. It's like telling us Ronaldo [R9] and Torres are comparable. Rooney was a complete player, played several positions. Kane depends mostly on luck. He can surpass the record but he's nowhere n",0,0,0,True,2021-11-16T04:34:20Z,"{""account_id"": 1291576616, ""created_at"": ""2021-12-07T10:04:20.594991Z"", ""updated_at"": ""2021-12-07T10:04:20.595088Z"", ""name"": null, ""screen_name"": ""abuga_makori"", ""verified"": false, ""protected"": false, ""location"": null, ""description"": null, ""followers_count"": 0, ""friends_count"": 0, ""favourites_count"": 0, ""statuses_count"": 0, ""profile_image_url"": null, ""deleted"": false}"
https://twitter.com/abuga_makori/status/1460454645520912384,abuga_makori,1460454645520912384,,,2021-12-07T10:19:50.748881Z,"It's wrong for Meru Governor Kiraitu Murungi to campaign for Raila Odinga but right for over ""150"" MPs to campaign for DP Ruto. I don't know why this man is insecure. He knows that beating Raila will be extremely difficult.",0,0,0,True,2021-11-16T03:54:12Z,"{""account_id"": 1291576616, ""created_at"": ""2021-12-07T10:04:20.594991Z"", ""updated_at"": ""2021-12-07T10:04:20.595088Z"", ""name"": null, ""screen_name"": ""abuga_makori"", ""verified"": false, ""protected"": false, ""location"": null, ""description"": null, ""followers_count"": 0, ""friends_count"": 0, ""favourites_count"": 0, ""statuses_count"": 0, ""profile_image_url"": null, ""deleted"": false}"
https://twitter.com/abuga_makori/status/1460293570171219973,abuga_makori,1460293570171219973,,,2021-12-07T10:19:49.842010Z,Please I am Abuga not Cabugah. I am not related to the girl called Shirleen. Kindly let them refund what they collected. Viva.,0,0,0,True,2021-11-15T17:14:16Z,"{""account_id"": 1291576616, ""created_at"": ""2021-12-07T10:04:20.594991Z"", ""updated_at"": ""2021-12-07T10:04:20.595088Z"", ""name"": null, ""screen_name"": ""abuga_makori"", ""verified"": false, ""protected"": false, ""location"": null, ""description"": null, ""followers_count"": 0, ""friends_count"": 0, ""favourites_count"": 0, ""statuses_count"": 0, ""profile_image_url"": null, ""deleted"": false}"
https://twitter.com/abuga_makori/status/1460217842612191234,abuga_makori,1460217842612191234,,,2021-12-07T10:19:49.122993Z,"It's the second week, EACC has done nothing about Kshs7M Payslip of Nyamira Governor Amos Nyaribo. The county claimed he has been drawing salary as DG until August yet these slips show he has been earning as governor since Jan. @EACCKenya why draw salary ",0,0,0,True,2021-11-15T12:24:56Z,"{""account_id"": 1291576616, ""created_at"": ""2021-12-07T10:04:20.594991Z"", ""updated_at"": ""2021-12-07T10:04:20.595088Z"", ""name"": null, ""screen_name"": ""abuga_makori"", ""verified"": false, ""protected"": false, ""location"": null, ""description"": null, ""followers_count"": 0, ""friends_count"": 0, ""favourites_count"": 0, ""statuses_count"": 0, ""profile_image_url"": null, ""deleted"": false}"
https://twitter.com/abuga_makori/status/1460212558133186568,abuga_makori,1460212558133186568,,,2021-12-07T10:19:49.064619Z,"It's the second week, EACC has done nothing about the Payslip of Nyamira Governor Amos Nyaribo. The county claimed he has been drawing salary as DG until August yet these slips show he has been earning as governor since Jan. @EACCKenya why draw salary wit",0,0,0,True,2021-11-15T11:47:04Z,"{""account_id"": 1291576616, ""created_at"": ""2021-12-07T10:04:20.594991Z"", ""updated_at"": ""2021-12-07T10:04:20.595088Z"", ""name"": null, ""screen_name"": ""abuga_makori"", ""verified"": false, ""protected"": false, ""location"": null, ""description"": null, ""followers_count"": 0, ""friends_count"": 0, ""favourites_count"": 0, ""statuses_count"": 0, ""profile_image_url"": null, ""deleted"": false}"
https://twitter.com/abuga_makori/status/1459816000048795648,abuga_makori,1459816000048795648,,,2021-12-07T10:19:46.546283Z,"Does Francis Atwoli speak of workers who draw illegal allowances and salaries? Last week, it was Nyamira Governor Amos Nyaribo [Kshs7M] and today it's his CECM [Ministers]. Corruption at its peak in NYAMIRA, EACC @EACCKenya queit about it. https://t.co/8d",0,0,0,True,2021-11-14T09:36:45Z,"{""account_id"": 1291576616, ""created_at"": ""2021-12-07T10:04:20.594991Z"", ""updated_at"": ""2021-12-07T10:04:20.595088Z"", ""name"": null, ""screen_name"": ""abuga_makori"", ""verified"": false, ""protected"": false, ""location"": null, ""description"": null, ""followers_count"": 0, ""friends_count"": 0, ""favourites_count"": 0, ""statuses_count"": 0, ""profile_image_url"": null, ""deleted"": false}"
https://twitter.com/Shaddymusembi1/status/1452367256772620298,Shaddymusembi1,1452367256772620298,,,2021-12-07T10:19:01.108485Z,RT @AnfieldRd96: https://t.co/k5Rypz9KGD,0,0,0,True,2021-11-12T15:25:28Z,"{""account_id"": 345280320, ""created_at"": ""2021-12-07T10:04:20.588917Z"", ""updated_at"": ""2021-12-07T10:04:20.588981Z"", ""name"": null, ""screen_name"": ""Shaddymusembi1"", ""verified"": false, ""protected"": false, ""location"": null, ""description"": null, ""followers_count"": 0, ""friends_count"": 0, ""favourites_count"": 0, ""statuses_count"": 0, ""profile_image_url"": null, ""deleted"": false}"
https://twitter.com/abuga_makori/status/1459047315931598848,abuga_makori,1459047315931598848,,,2021-12-07T10:19:41.225151Z,"Why is my Senator Okongo Mogeni trending? But I know he's a corrupt figure. Since 2017, he's been in bed with Nyamira County gov't. He never questions their wrong deeds. He has an insatiable appetite for public resources.",0,0,0,True,2021-11-12T06:45:44Z,"{""account_id"": 1291576616, ""created_at"": ""2021-12-07T10:04:20.594991Z"", ""updated_at"": ""2021-12-07T10:04:20.595088Z"", ""name"": null, ""screen_name"": ""abuga_makori"", ""verified"": false, ""protected"": false, ""location"": null, ""description"": null, ""followers_count"": 0, ""friends_count"": 0, ""favourites_count"": 0, ""statuses_count"": 0, ""profile_image_url"": null, ""deleted"": false}"
https://twitter.com/abuga_makori/status/1459015284635938817,abuga_makori,1459015284635938817,,,2021-12-07T10:19:40.859425Z,"Today is the time for Ukambani. If Raila Odinga can climb Mt Kenya, what about Lower Eastern? In Kiambu, people are singing about Raila. Kalonzo Musyoka should quickly board. Otherwise Mutua, Ngilu and Kibwana will screw him. It's Raila's year. #AzimioLaU",0,0,0,True,2021-11-12T04:29:39Z,"{""account_id"": 1291576616, ""created_at"": ""2021-12-07T10:04:20.594991Z"", ""updated_at"": ""2021-12-07T10:04:20.595088Z"", ""name"": null, ""screen_name"": ""abuga_makori"", ""verified"": false, ""protected"": false, ""location"": null, ""description"": null, ""followers_count"": 0, ""friends_count"": 0, ""favourites_count"": 0, ""statuses_count"": 0, ""profile_image_url"": null, ""deleted"": false}"
https://twitter.com/Shaddymusembi1/status/1458864618399485952,Shaddymusembi1,1458864618399485952,,,2021-12-07T10:19:40.303451Z,@TelkomKenya what is your problem with your network now ,0,0,0,True,2021-11-11T18:30:27Z,"{""account_id"": 345280320, ""created_at"": ""2021-12-07T10:04:20.588917Z"", ""updated_at"": ""2021-12-07T10:04:20.588981Z"", ""name"": null, ""screen_name"": ""Shaddymusembi1"", ""verified"": false, ""protected"": false, ""location"": null, ""description"": null, ""followers_count"": 0, ""friends_count"": 0, ""favourites_count"": 0, ""statuses_count"": 0, ""profile_image_url"": null, ""deleted"": false}"
https://twitter.com/abuga_makori/status/1458362872799670274,abuga_makori,1458362872799670274,,,2021-12-07T10:19:35.675681Z,"In his weak Defense on Kshs7M salary payment for Sept, NYAMIRA Governor Amos Nyaribo claims he was being paid as Deputy Governor until August. With me are payslips for January when he became governor And August. They show he's been earning as GOVERNOR. Wi",0,0,0,True,2021-11-10T09:36:37Z,"{""account_id"": 1291576616, ""created_at"": ""2021-12-07T10:04:20.594991Z"", ""updated_at"": ""2021-12-07T10:04:20.595088Z"", ""name"": null, ""screen_name"": ""abuga_makori"", ""verified"": false, ""protected"": false, ""location"": null, ""description"": null, ""followers_count"": 0, ""friends_count"": 0, ""favourites_count"": 0, ""statuses_count"": 0, ""profile_image_url"": null, ""deleted"": false}"
https://twitter.com/abuga_makori/status/1458360653459116036,abuga_makori,1458360653459116036,,,2021-12-07T10:19:35.641779Z,"In his weak Defense on Kshs7M salary payment for Sept, NYAMIRA Governor Amos Nyaribo claims he was being paid as Deputy Governor until August. With me are payslips for January when he became governor And August. They show he's been earning as GOVERNOR. Wi",0,0,0,True,2021-11-10T09:14:40Z,"{""account_id"": 1291576616, ""created_at"": ""2021-12-07T10:04:20.594991Z"", ""updated_at"": ""2021-12-07T10:04:20.595088Z"", ""name"": null, ""screen_name"": ""abuga_makori"", ""verified"": false, ""protected"": false, ""location"": null, ""description"": null, ""followers_count"": 0, ""friends_count"": 0, ""favourites_count"": 0, ""statuses_count"": 0, ""profile_image_url"": null, ""deleted"": false}"
https://twitter.com/abuga_makori/status/1458120563294097410,abuga_makori,1458120563294097410,,,2021-12-07T10:19:33.999475Z,"BREAKING: Riomego PAG Secondary School in Magwagwa Ward on fire right now. The school is found in North Mugirango, Nyamira. Emergency services required.",0,0,0,True,2021-11-09T17:14:51Z,"{""account_id"": 1291576616, ""created_at"": ""2021-12-07T10:04:20.594991Z"", ""updated_at"": ""2021-12-07T10:04:20.595088Z"", ""name"": null, ""screen_name"": ""abuga_makori"", ""verified"": false, ""protected"": false, ""location"": null, ""description"": null, ""followers_count"": 0, ""friends_count"": 0, ""favourites_count"": 0, ""statuses_count"": 0, ""profile_image_url"": null, ""deleted"": false}"
https://twitter.com/abuga_makori/status/1458094840965738506,abuga_makori,1458094840965738506,,,2021-12-07T10:19:33.837817Z,I am ready to face KRA. I have nothing to hide. https://t.co/5tHn46iuIA,0,0,0,True,2021-11-09T15:31:28Z,"{""account_id"": 1291576616, ""created_at"": ""2021-12-07T10:04:20.594991Z"", ""updated_at"": ""2021-12-07T10:04:20.595088Z"", ""name"": null, ""screen_name"": ""abuga_makori"", ""verified"": false, ""protected"": false, ""location"": null, ""description"": null, ""followers_count"": 0, ""friends_count"": 0, ""favourites_count"": 0, ""statuses_count"": 0, ""profile_image_url"": null, ""deleted"": false}"
https://twitter.com/abuga_makori/status/1458088013746032651,abuga_makori,1458088013746032651,,,2021-12-07T10:19:33.762446Z,"Robert Alai blocked me but I am happy he has made Nyamira County go viral. I was shocked this morning when I found out Gov. Nyaribo earns more than President Uhuru Kenyatta. In three months, a salary of 19.5M. Alai should unblock me like Miguna Miguna did",0,0,0,True,2021-11-09T15:16:23Z,"{""account_id"": 1291576616, ""created_at"": ""2021-12-07T10:04:20.594991Z"", ""updated_at"": ""2021-12-07T10:04:20.595088Z"", ""name"": null, ""screen_name"": ""abuga_makori"", ""verified"": false, ""protected"": false, ""location"": null, ""description"": null, ""followers_count"": 0, ""friends_count"": 0, ""favourites_count"": 0, ""statuses_count"": 0, ""profile_image_url"": null, ""deleted"": false}"
https://twitter.com/abuga_makori/status/1458064674562396165,abuga_makori,1458064674562396165,,,2021-12-07T10:19:33.637649Z,A bill introduced to parliament seeks to amend the Elections Act to ensure persons nominated to assemblies are those registered as voters in those particular counties. Bill corrects current situation ‘swapping’. Flower girl votes in Kwale but gets nominat,0,0,0,True,2021-11-09T13:35:14Z,"{""account_id"": 1291576616, ""created_at"": ""2021-12-07T10:04:20.594991Z"", ""updated_at"": ""2021-12-07T10:04:20.595088Z"", ""name"": null, ""screen_name"": ""abuga_makori"", ""verified"": false, ""protected"": false, ""location"": null, ""description"": null, ""followers_count"": 0, ""friends_count"": 0, ""favourites_count"": 0, ""statuses_count"": 0, ""profile_image_url"": null, ""deleted"": false}"
https://twitter.com/abuga_makori/status/1458002600322904064,abuga_makori,1458002600322904064,,,2021-12-07T10:19:33.149451Z,"In 2017, this half-headed man; Wafula Chebukati, allowed Cabinet Secretaries to campaign for Uhuruto. And now, one of the beneficiaries; William Ruto, does not want CSs to do what they did for him and Uhuru. Chebukati wants to listen to him. UPUZI. https:",0,0,0,True,2021-11-09T09:27:05Z,"{""account_id"": 1291576616, ""created_at"": ""2021-12-07T10:04:20.594991Z"", ""updated_at"": ""2021-12-07T10:04:20.595088Z"", ""name"": null, ""screen_name"": ""abuga_makori"", ""verified"": false, ""protected"": false, ""location"": null, ""description"": null, ""followers_count"": 0, ""friends_count"": 0, ""favourites_count"": 0, ""statuses_count"": 0, ""profile_image_url"": null, ""deleted"": false}"
https://twitter.com/abuga_makori/status/1457396510195322886,abuga_makori,1457396510195322886,,,2021-12-07T10:19:29.688678Z,At least 40% of Kikuyus are going to vote for Engineer Raila Odinga. This will be a very big blow to DP Ruto who depends on Kalenjin Rift Valley and Mt Kenya to be president. Raila's support is evenly distributed across Kenya.,0,0,0,True,2021-11-07T17:19:49Z,"{""account_id"": 1291576616, ""created_at"": ""2021-12-07T10:04:20.594991Z"", ""updated_at"": ""2021-12-07T10:04:20.595088Z"", ""name"": null, ""screen_name"": ""abuga_makori"", ""verified"": false, ""protected"": false, ""location"": null, ""description"": null, ""followers_count"": 0, ""friends_count"": 0, ""favourites_count"": 0, ""statuses_count"": 0, ""profile_image_url"": null, ""deleted"": false}"
https://twitter.com/abuga_makori/status/1456911238210932737,abuga_makori,1456911238210932737,,,2021-12-07T10:19:26.661368Z,"RT @Honbenmomanyi: Barabara zinang'aa. Ahsante sana Rais Uhuru Kenyatta, Waziri Matiang'i na wale wote ambao wamesaidia Borabu. Tumeweka/Tu…",0,0,0,True,2021-11-06T09:54:49Z,"{""account_id"": 1291576616, ""created_at"": ""2021-12-07T10:04:20.594991Z"", ""updated_at"": ""2021-12-07T10:04:20.595088Z"", ""name"": null, ""screen_name"": ""abuga_makori"", ""verified"": false, ""protected"": false, ""location"": null, ""description"": null, ""followers_count"": 0, ""friends_count"": 0, ""favourites_count"": 0, ""statuses_count"": 0, ""profile_image_url"": null, ""deleted"": false}"
https://twitter.com/abuga_makori/status/1456851947647029248,abuga_makori,1456851947647029248,,,2021-12-07T10:19:26.123076Z,BREAKING: Kakamega School on fire. https://t.co/C8uJnU6eVN,0,0,0,True,2021-11-06T05:53:06Z,"{""account_id"": 1291576616, ""created_at"": ""2021-12-07T10:04:20.594991Z"", ""updated_at"": ""2021-12-07T10:04:20.595088Z"", ""name"": null, ""screen_name"": ""abuga_makori"", ""verified"": false, ""protected"": false, ""location"": null, ""description"": null, ""followers_count"": 0, ""friends_count"": 0, ""favourites_count"": 0, ""statuses_count"": 0, ""profile_image_url"": null, ""deleted"": false}"
https://twitter.com/ragz2beechez/status/1456286102696992777,ragz2beechez,1456286102696992777,,,2021-12-07T10:19:22.704355Z,"RT @fecci_ke: The Never regret hit maker, Muno is back again with an amazing EP that you just got to fall in love with. Have you listened t…",0,0,0,True,2021-11-04T16:23:02Z,"{""account_id"": 308428115, ""created_at"": ""2021-12-07T10:04:20.621781Z"", ""updated_at"": ""2021-12-07T10:04:20.621821Z"", ""name"": null, ""screen_name"": ""ragz2beechez"", ""verified"": false, ""protected"": false, ""location"": null, ""description"": null, ""followers_count"": 0, ""friends_count"": 0, ""favourites_count"": 0, ""statuses_count"": 0, ""profile_image_url"": null, ""deleted"": false}"
https://twitter.com/abuga_makori/status/1456176849923551235,abuga_makori,1456176849923551235,,,2021-12-07T10:19:21.816140Z,"Murang'a Senator Irungu Kangata, a renowned hustler donates Kshs40, 000 in Gatanga, his fellow hustler, DP Ruto rebukes him, says the money is not enough, compels him to make it Kshs100,000. Rem Kangata ni Mtu ya mkokoteni. Hii Kenya iko na Upuzi.",0,0,0,True,2021-11-04T08:32:04Z,"{""account_id"": 1291576616, ""created_at"": ""2021-12-07T10:04:20.594991Z"", ""updated_at"": ""2021-12-07T10:04:20.595088Z"", ""name"": null, ""screen_name"": ""abuga_makori"", ""verified"": false, ""protected"": false, ""location"": null, ""description"": null, ""followers_count"": 0, ""friends_count"": 0, ""favourites_count"": 0, ""statuses_count"": 0, ""profile_image_url"": null, ""deleted"": false}"
https://twitter.com/ragz2beechez/status/1455034650653511688,ragz2beechez,1455034650653511688,,,2021-12-07T10:19:12.048799Z,"RT @mchunoshe8: Under conditions of corruption, funding for education, health care, poverty relief, and elections and political parties' op…",0,0,0,True,2021-11-04T08:10:03Z,"{""account_id"": 308428115, ""created_at"": ""2021-12-07T10:04:20.621781Z"", ""updated_at"": ""2021-12-07T10:04:20.621821Z"", ""name"": null, ""screen_name"": ""ragz2beechez"", ""verified"": false, ""protected"": false, ""location"": null, ""description"": null, ""followers_count"": 0, ""friends_count"": 0, ""favourites_count"": 0, ""statuses_count"": 0, ""profile_image_url"": null, ""deleted"": false}"
https://twitter.com/ragz2beechez/status/1455034683318804486,ragz2beechez,1455034683318804486,,,2021-12-07T10:19:12.056559Z,"RT @mchunoshe8: Corruption may distort the composition of government expenditure

#ArrestCorruptMwendwa https://t.co/mkujfCoNYM",0,0,0,True,2021-11-04T08:09:48Z,"{""account_id"": 308428115, ""created_at"": ""2021-12-07T10:04:20.621781Z"", ""updated_at"": ""2021-12-07T10:04:20.621821Z"", ""name"": null, ""screen_name"": ""ragz2beechez"", ""verified"": false, ""protected"": false, ""location"": null, ""description"": null, ""followers_count"": 0, ""friends_count"": 0, ""favourites_count"": 0, ""statuses_count"": 0, ""profile_image_url"": null, ""deleted"": false}"
https://twitter.com/ragz2beechez/status/1455030594371563524,ragz2beechez,1455030594371563524,,,2021-12-07T10:19:12.035015Z,RT @mchunoshe8: A key result of all the instances  is a state of unequal opportunity in which advantages arise only for those within a corr…,0,0,0,True,2021-11-04T08:09:40Z,"{""account_id"": 308428115, ""created_at"": ""2021-12-07T10:04:20.621781Z"", ""updated_at"": ""2021-12-07T10:04:20.621821Z"", ""name"": null, ""screen_name"": ""ragz2beechez"", ""verified"": false, ""protected"": false, ""location"": null, ""description"": null, ""followers_count"": 0, ""friends_count"": 0, ""favourites_count"": 0, ""statuses_count"": 0, ""profile_image_url"": null, ""deleted"": false}"
https://twitter.com/abuga_makori/status/1456158860960489472,abuga_makori,1456158860960489472,,,2021-12-07T10:19:21.695631Z,"RT @Honbenmomanyi: On Friday October 5th 2021, we as Nyamira leadership shall be hosting Interior CS Fred Matiang'i at Nyakemincha Sec Scho…",0,0,0,True,2021-11-04T07:28:45Z,"{""account_id"": 1291576616, ""created_at"": ""2021-12-07T10:04:20.594991Z"", ""updated_at"": ""2021-12-07T10:04:20.595088Z"", ""name"": null, ""screen_name"": ""abuga_makori"", ""verified"": false, ""protected"": false, ""location"": null, ""description"": null, ""followers_count"": 0, ""friends_count"": 0, ""favourites_count"": 0, ""statuses_count"": 0, ""profile_image_url"": null, ""deleted"": false}"
https://twitter.com/abuga_makori/status/1455939961807593473,abuga_makori,1455939961807593473,,,2021-12-07T10:19:20.328797Z,"DP Ruto can make as many trips to Mt Kenya as he wants but things are getting out of hands. If you see someone like Moses Kuria drifting away, just be quiet. The Kiambu trip should not be a source of excitement. Raila Odinga equally drew huge crowds in Ki",0,0,0,True,2021-11-03T16:51:04Z,"{""account_id"": 1291576616, ""created_at"": ""2021-12-07T10:04:20.594991Z"", ""updated_at"": ""2021-12-07T10:04:20.595088Z"", ""name"": null, ""screen_name"": ""abuga_makori"", ""verified"": false, ""protected"": false, ""location"": null, ""description"": null, ""followers_count"": 0, ""friends_count"": 0, ""favourites_count"": 0, ""statuses_count"": 0, ""profile_image_url"": null, ""deleted"": false}"
https://twitter.com/abuga_makori/status/1455826251558621196,abuga_makori,1455826251558621196,,,2021-12-07T10:19:19.071862Z,HE Dennis Itumbi must be smiling amid ongoing feud between Jacque Maribe and Eric Omondi. He has scored big. He now has a chance to take care of someone else's kid.,0,0,0,True,2021-11-03T09:31:14Z,"{""account_id"": 1291576616, ""created_at"": ""2021-12-07T10:04:20.594991Z"", ""updated_at"": ""2021-12-07T10:04:20.595088Z"", ""name"": null, ""screen_name"": ""abuga_makori"", ""verified"": false, ""protected"": false, ""location"": null, ""description"": null, ""followers_count"": 0, ""friends_count"": 0, ""favourites_count"": 0, ""statuses_count"": 0, ""profile_image_url"": null, ""deleted"": false}"
https://twitter.com/abuga_makori/status/1455618675894104084,abuga_makori,1455618675894104084,,,2021-12-07T10:19:17.468534Z,You're reading too much in Ngunjuri Wambugu comments. He's just saying it's a two-horse race. Raila Odinga or William Ruto. He's asking other principals to pick sides. He also knows Raila is swiftly climbing the mountain.,0,0,0,True,2021-11-02T19:35:26Z,"{""account_id"": 1291576616, ""created_at"": ""2021-12-07T10:04:20.594991Z"", ""updated_at"": ""2021-12-07T10:04:20.595088Z"", ""name"": null, ""screen_name"": ""abuga_makori"", ""verified"": false, ""protected"": false, ""location"": null, ""description"": null, ""followers_count"": 0, ""friends_count"": 0, ""favourites_count"": 0, ""statuses_count"": 0, ""profile_image_url"": null, ""deleted"": false}"
https://twitter.com/Shaddymusembi1/status/1455440150897610758,Shaddymusembi1,1455440150897610758,,,2021-12-07T10:19:15.365720Z,"Even main stream media platforms doesn't know most of Tanga tanga MPs, @Hon_Kawaya Mwala MP now @NationAfrica wanasema ni wa Tala  https://t.co/hcW9lN31Fu",0,0,0,True,2021-11-02T18:42:03Z,"{""account_id"": 345280320, ""created_at"": ""2021-12-07T10:04:20.588917Z"", ""updated_at"": ""2021-12-07T10:04:20.588981Z"", ""name"": null, ""screen_name"": ""Shaddymusembi1"", ""verified"": false, ""protected"": false, ""location"": null, ""description"": null, ""followers_count"": 0, ""friends_count"": 0, ""favourites_count"": 0, ""statuses_count"": 0, ""profile_image_url"": null, ""deleted"": false}"
https://twitter.com/abuga_makori/status/1455545432105422850,abuga_makori,1455545432105422850,,,2021-12-07T10:19:16.573876Z,"Let me conclude DP William Ruto's trip to Nyamira by saying:

1. The county is not a tossup like he thought.
2. At least four of his confidants will decamp by Dec. 
3. He usually imports crowds, most of his rallies were poorly attended.
4. He left Nyamira",0,0,0,True,2021-11-02T14:44:56Z,"{""account_id"": 1291576616, ""created_at"": ""2021-12-07T10:04:20.594991Z"", ""updated_at"": ""2021-12-07T10:04:20.595088Z"", ""name"": null, ""screen_name"": ""abuga_makori"", ""verified"": false, ""protected"": false, ""location"": null, ""description"": null, ""followers_count"": 0, ""friends_count"": 0, ""favourites_count"": 0, ""statuses_count"": 0, ""profile_image_url"": null, ""deleted"": false}"
https://twitter.com/abuga_makori/status/1455469563504742408,abuga_makori,1455469563504742408,,,2021-12-07T10:19:15.666081Z,I have learnt that Raila Odinga has most loyal supporters. DP Ruto's trip to NYAMIRA has just exposed him further. You have to pay someone to attend your rallies. Raila doesn't pay. This is a major difference btn the two. https://t.co/q25eTXqtQL,0,0,0,True,2021-11-02T09:42:48Z,"{""account_id"": 1291576616, ""created_at"": ""2021-12-07T10:04:20.594991Z"", ""updated_at"": ""2021-12-07T10:04:20.595088Z"", ""name"": null, ""screen_name"": ""abuga_makori"", ""verified"": false, ""protected"": false, ""location"": null, ""description"": null, ""followers_count"": 0, ""friends_count"": 0, ""favourites_count"": 0, ""statuses_count"": 0, ""profile_image_url"": null, ""deleted"": false}"
https://twitter.com/ragz2beechez/status/1455219660895498247,ragz2beechez,1455219660895498247,,,2021-12-07T10:19:13.948233Z,"RT @Its_Odero: @ragz2beechez #ConNickMwendwa
Nick Mwendwa should be investigated and be brought to justice.",0,0,0,True,2021-11-02T06:59:14Z,"{""account_id"": 308428115, ""created_at"": ""2021-12-07T10:04:20.621781Z"", ""updated_at"": ""2021-12-07T10:04:20.621821Z"", ""name"": null, ""screen_name"": ""ragz2beechez"", ""verified"": false, ""protected"": false, ""location"": null, ""description"": null, ""followers_count"": 0, ""friends_count"": 0, ""favourites_count"": 0, ""statuses_count"": 0, ""profile_image_url"": null, ""deleted"": false}"
https://twitter.com/ragz2beechez/status/1455219648828526594,ragz2beechez,1455219648828526594,,,2021-12-07T10:19:13.939070Z,RT @Its_Odero: @ragz2beechez The rot in FKF should be a thing of the past if Nick Mwendwa leaves office. #ConNickMwendwa,0,0,0,True,2021-11-02T06:59:07Z,"{""account_id"": 308428115, ""created_at"": ""2021-12-07T10:04:20.621781Z"", ""updated_at"": ""2021-12-07T10:04:20.621821Z"", ""name"": null, ""screen_name"": ""ragz2beechez"", ""verified"": false, ""protected"": false, ""location"": null, ""description"": null, ""followers_count"": 0, ""friends_count"": 0, ""favourites_count"": 0, ""statuses_count"": 0, ""profile_image_url"": null, ""deleted"": false}"
https://twitter.com/ragz2beechez/status/1455220107618230274,ragz2beechez,1455220107618230274,,,2021-12-07T10:19:14.000055Z,"RT @Its_Odero: @ragz2beechez 20 years in prison will fit him.
#ConNickMwendwa Nick Mwendwa",0,0,0,True,2021-11-02T06:59:05Z,"{""account_id"": 308428115, ""created_at"": ""2021-12-07T10:04:20.621781Z"", ""updated_at"": ""2021-12-07T10:04:20.621821Z"", ""name"": null, ""screen_name"": ""ragz2beechez"", ""verified"": false, ""protected"": false, ""location"": null, ""description"": null, ""followers_count"": 0, ""friends_count"": 0, ""favourites_count"": 0, ""statuses_count"": 0, ""profile_image_url"": null, ""deleted"": false}"
https://twitter.com/ragz2beechez/status/1455199590840426498,ragz2beechez,1455199590840426498,,,2021-12-07T10:19:13.534150Z,RT @Its_Odero: @masaah_ High Court clears path for DCI to investigate FKF president Nick Mwendwa. #ConNickMwendwa should be investigated an…,0,0,0,True,2021-11-02T06:59:00Z,"{""account_id"": 308428115, ""created_at"": ""2021-12-07T10:04:20.621781Z"", ""updated_at"": ""2021-12-07T10:04:20.621821Z"", ""name"": null, ""screen_name"": ""ragz2beechez"", ""verified"": false, ""protected"": false, ""location"": null, ""description"": null, ""followers_count"": 0, ""friends_count"": 0, ""favourites_count"": 0, ""statuses_count"": 0, ""profile_image_url"": null, ""deleted"": false}"
https://twitter.com/ragz2beechez/status/1455204696948449283,ragz2beechez,1455204696948449283,,,2021-12-07T10:19:13.663612Z,RT @Its_Odero: I've lived also to see one Nick Mwendwa become the President of Football Kenya Federation (FKF). A tragedy.#ConNickMwendwa h…,0,0,0,True,2021-11-02T06:58:45Z,"{""account_id"": 308428115, ""created_at"": ""2021-12-07T10:04:20.621781Z"", ""updated_at"": ""2021-12-07T10:04:20.621821Z"", ""name"": null, ""screen_name"": ""ragz2beechez"", ""verified"": false, ""protected"": false, ""location"": null, ""description"": null, ""followers_count"": 0, ""friends_count"": 0, ""favourites_count"": 0, ""statuses_count"": 0, ""profile_image_url"": null, ""deleted"": false}"
https://twitter.com/ragz2beechez/status/1455205028600426496,ragz2beechez,1455205028600426496,,,2021-12-07T10:19:13.689133Z,RT @Its_Odero: @ragz2beechez Nick Mwendwa had on October 1 last year sought to gag the DPP and DCI from investigating him over a complaint…,0,0,0,True,2021-11-02T06:58:25Z,"{""account_id"": 308428115, ""created_at"": ""2021-12-07T10:04:20.621781Z"", ""updated_at"": ""2021-12-07T10:04:20.621821Z"", ""name"": null, ""screen_name"": ""ragz2beechez"", ""verified"": false, ""protected"": false, ""location"": null, ""description"": null, ""followers_count"": 0, ""friends_count"": 0, ""favourites_count"": 0, ""statuses_count"": 0, ""profile_image_url"": null, ""deleted"": false}"
https://twitter.com/ragz2beechez/status/1455219822095183883,ragz2beechez,1455219822095183883,,,2021-12-07T10:19:13.965363Z,RT @Its_Odero: @masaah_ The face of incompetence in the FKF should resign for Harambee Stars to proceed to the world cup. Nick Mwendwa #Con…,0,0,0,True,2021-11-02T06:58:20Z,"{""account_id"": 308428115, ""created_at"": ""2021-12-07T10:04:20.621781Z"", ""updated_at"": ""2021-12-07T10:04:20.621821Z"", ""name"": null, ""screen_name"": ""ragz2beechez"", ""verified"": false, ""protected"": false, ""location"": null, ""description"": null, ""followers_count"": 0, ""friends_count"": 0, ""favourites_count"": 0, ""statuses_count"": 0, ""profile_image_url"": null, ""deleted"": false}"
https://twitter.com/ragz2beechez/status/1455191177498697734,ragz2beechez,1455191177498697734,,,2021-12-07T10:19:13.395240Z,RT @Its_Odero: #ConNickMwendwa Nick Mwendwa should be out of office to allow smooth investigations of the alleged misuse of funds.,0,0,0,True,2021-11-02T06:58:15Z,"{""account_id"": 308428115, ""created_at"": ""2021-12-07T10:04:20.621781Z"", ""updated_at"": ""2021-12-07T10:04:20.621821Z"", ""name"": null, ""screen_name"": ""ragz2beechez"", ""verified"": false, ""protected"": false, ""location"": null, ""description"": null, ""followers_count"": 0, ""friends_count"": 0, ""favourites_count"": 0, ""statuses_count"": 0, ""profile_image_url"": null, ""deleted"": false}"
https://twitter.com/ragz2beechez/status/1455219883973783560,ragz2beechez,1455219883973783560,,,2021-12-07T10:19:13.972662Z,"RT @Its_Odero: We can achieve alot with Harambee Stars if only people like Nick Mwendwa aren't managing FKF.
#ConNickMwendwa",0,0,0,True,2021-11-02T06:57:55Z,"{""account_id"": 308428115, ""created_at"": ""2021-12-07T10:04:20.621781Z"", ""updated_at"": ""2021-12-07T10:04:20.621821Z"", ""name"": null, ""screen_name"": ""ragz2beechez"", ""verified"": false, ""protected"": false, ""location"": null, ""description"": null, ""followers_count"": 0, ""friends_count"": 0, ""favourites_count"": 0, ""statuses_count"": 0, ""profile_image_url"": null, ""deleted"": false}"
https://twitter.com/ragz2beechez/status/1455220022570373129,ragz2beechez,1455220022570373129,,,2021-12-07T10:19:13.980830Z,RT @Its_Odero: @ragz2beechez Nick Mwendwa should be arrested for the betterment of the FKF. #ConNickMwendwa,0,0,0,True,2021-11-02T06:57:46Z,"{""account_id"": 308428115, ""created_at"": ""2021-12-07T10:04:20.621781Z"", ""updated_at"": ""2021-12-07T10:04:20.621821Z"", ""name"": null, ""screen_name"": ""ragz2beechez"", ""verified"": false, ""protected"": false, ""location"": null, ""description"": null, ""followers_count"": 0, ""friends_count"": 0, ""favourites_count"": 0, ""statuses_count"": 0, ""profile_image_url"": null, ""deleted"": false}"
https://twitter.com/ragz2beechez/status/1455219546252627971,ragz2beechez,1455219546252627971,,,2021-12-07T10:19:13.927619Z,"RT @Its_Odero: @masaah_ With Nick Mwendwa as FKF President.
Kenya will be beaten like silly.
#ConNickMwendwa",0,0,0,True,2021-11-02T06:57:44Z,"{""account_id"": 308428115, ""created_at"": ""2021-12-07T10:04:20.621781Z"", ""updated_at"": ""2021-12-07T10:04:20.621821Z"", ""name"": null, ""screen_name"": ""ragz2beechez"", ""verified"": false, ""protected"": false, ""location"": null, ""description"": null, ""followers_count"": 0, ""friends_count"": 0, ""favourites_count"": 0, ""statuses_count"": 0, ""profile_image_url"": null, ""deleted"": false}"
https://twitter.com/ragz2beechez/status/1455219485451898885,ragz2beechez,1455219485451898885,,,2021-12-07T10:19:13.909104Z,"RT @Its_Odero: @masaah_ #ConNickMwendwa
Tumeonyeshwa moto na Nick Mwendwa, if only he leaves we will win but if he stays, tutapigwa kama mb…",0,0,0,True,2021-11-02T06:57:42Z,"{""account_id"": 308428115, ""created_at"": ""2021-12-07T10:04:20.621781Z"", ""updated_at"": ""2021-12-07T10:04:20.621821Z"", ""name"": null, ""screen_name"": ""ragz2beechez"", ""verified"": false, ""protected"": false, ""location"": null, ""description"": null, ""followers_count"": 0, ""friends_count"": 0, ""favourites_count"": 0, ""statuses_count"": 0, ""profile_image_url"": null, ""deleted"": false}"
https://twitter.com/ragz2beechez/status/1455220055311007747,ragz2beechez,1455220055311007747,,,2021-12-07T10:19:13.990313Z,"RT @Its_Odero: @ragz2beechez #ConNickMwendwa is enriching himself with Taxpayers's money.
Sad.",0,0,0,True,2021-11-02T06:57:38Z,"{""account_id"": 308428115, ""created_at"": ""2021-12-07T10:04:20.621781Z"", ""updated_at"": ""2021-12-07T10:04:20.621821Z"", ""name"": null, ""screen_name"": ""ragz2beechez"", ""verified"": false, ""protected"": false, ""location"": null, ""description"": null, ""followers_count"": 0, ""friends_count"": 0, ""favourites_count"": 0, ""statuses_count"": 0, ""profile_image_url"": null, ""deleted"": false}"
https://twitter.com/ragz2beechez/status/1455204626559639561,ragz2beechez,1455204626559639561,,,2021-12-07T10:19:13.656078Z,"RT @Its_Odero: Nick Mwendwa,the biggest tragedy that ever happened to Kenyan football. How did we ever sink this low to have a charlatan li…",0,0,0,True,2021-11-02T06:57:19Z,"{""account_id"": 308428115, ""created_at"": ""2021-12-07T10:04:20.621781Z"", ""updated_at"": ""2021-12-07T10:04:20.621821Z"", ""name"": null, ""screen_name"": ""ragz2beechez"", ""verified"": false, ""protected"": false, ""location"": null, ""description"": null, ""followers_count"": 0, ""friends_count"": 0, ""favourites_count"": 0, ""statuses_count"": 0, ""profile_image_url"": null, ""deleted"": false}"
https://twitter.com/ragz2beechez/status/1455205084892123144,ragz2beechez,1455205084892123144,,,2021-12-07T10:19:13.696789Z,RT @Its_Odero: FKF President Nick Mwendwa should be investigated over suspected misappropriation of funds at Kandanda House. #ConNickMwendwa,0,0,0,True,2021-11-02T06:57:17Z,"{""account_id"": 308428115, ""created_at"": ""2021-12-07T10:04:20.621781Z"", ""updated_at"": ""2021-12-07T10:04:20.621821Z"", ""name"": null, ""screen_name"": ""ragz2beechez"", ""verified"": false, ""protected"": false, ""location"": null, ""description"": null, ""followers_count"": 0, ""friends_count"": 0, ""favourites_count"": 0, ""statuses_count"": 0, ""profile_image_url"": null, ""deleted"": false}"
https://twitter.com/ragz2beechez/status/1455204750031527940,ragz2beechez,1455204750031527940,,,2021-12-07T10:19:13.671962Z,"RT @Its_Odero: Since Nick Mwendwa took over six years ago, Stars have had seven coaches, with three being local. The local coaches are Stan…",0,0,0,True,2021-11-02T06:57:02Z,"{""account_id"": 308428115, ""created_at"": ""2021-12-07T10:04:20.621781Z"", ""updated_at"": ""2021-12-07T10:04:20.621821Z"", ""name"": null, ""screen_name"": ""ragz2beechez"", ""verified"": false, ""protected"": false, ""location"": null, ""description"": null, ""followers_count"": 0, ""friends_count"": 0, ""favourites_count"": 0, ""statuses_count"": 0, ""profile_image_url"": null, ""deleted"": false}"
https://twitter.com/ragz2beechez/status/1455199695157047304,ragz2beechez,1455199695157047304,,,2021-12-07T10:19:13.541580Z,"RT @Its_Odero: If the current situation in FKF goes unchecked, Kenya’s latent talents will no doubt run to waste. It’s worse since Governme…",0,0,0,True,2021-11-02T06:56:57Z,"{""account_id"": 308428115, ""created_at"": ""2021-12-07T10:04:20.621781Z"", ""updated_at"": ""2021-12-07T10:04:20.621821Z"", ""name"": null, ""screen_name"": ""ragz2beechez"", ""verified"": false, ""protected"": false, ""location"": null, ""description"": null, ""followers_count"": 0, ""friends_count"": 0, ""favourites_count"": 0, ""statuses_count"": 0, ""profile_image_url"": null, ""deleted"": false}"
https://twitter.com/ragz2beechez/status/1455204872366743554,ragz2beechez,1455204872366743554,,,2021-12-07T10:19:13.681054Z,"RT @Its_Odero: ""Even if you bring Jose Mournho, even if you bring Mikel Arteta….the work that needs to be done is that we need to bring tal…",0,0,0,True,2021-11-02T06:56:37Z,"{""account_id"": 308428115, ""created_at"": ""2021-12-07T10:04:20.621781Z"", ""updated_at"": ""2021-12-07T10:04:20.621821Z"", ""name"": null, ""screen_name"": ""ragz2beechez"", ""verified"": false, ""protected"": false, ""location"": null, ""description"": null, ""followers_count"": 0, ""friends_count"": 0, ""favourites_count"": 0, ""statuses_count"": 0, ""profile_image_url"": null, ""deleted"": false}"
https://twitter.com/ragz2beechez/status/1455199879937110018,ragz2beechez,1455199879937110018,,,2021-12-07T10:19:13.558748Z,"RT @Its_Odero: Nick Mwendwa's regime will forever be remembered for questionable team selection, unnecessary battles with perceived enemies…",0,0,0,True,2021-11-02T06:56:35Z,"{""account_id"": 308428115, ""created_at"": ""2021-12-07T10:04:20.621781Z"", ""updated_at"": ""2021-12-07T10:04:20.621821Z"", ""name"": null, ""screen_name"": ""ragz2beechez"", ""verified"": false, ""protected"": false, ""location"": null, ""description"": null, ""followers_count"": 0, ""friends_count"": 0, ""favourites_count"": 0, ""statuses_count"": 0, ""profile_image_url"": null, ""deleted"": false}"
https://twitter.com/ragz2beechez/status/1455204542543450120,ragz2beechez,1455204542543450120,,,2021-12-07T10:19:13.647875Z,RT @Its_Odero: It has been a descent into hell for our football. How do you explain the fact that the Nick Mwendwa has refused to remit mon…,0,0,0,True,2021-11-02T06:56:26Z,"{""account_id"": 308428115, ""created_at"": ""2021-12-07T10:04:20.621781Z"", ""updated_at"": ""2021-12-07T10:04:20.621821Z"", ""name"": null, ""screen_name"": ""ragz2beechez"", ""verified"": false, ""protected"": false, ""location"": null, ""description"": null, ""followers_count"": 0, ""friends_count"": 0, ""favourites_count"": 0, ""statuses_count"": 0, ""profile_image_url"": null, ""deleted"": false}"
https://twitter.com/ragz2beechez/status/1455200358876205060,ragz2beechez,1455200358876205060,,,2021-12-07T10:19:13.581995Z,"RT @_sos_kibe: We ought Nick Mwendwa to substantiate how he used sh244.6 million in FKF 
#ConNickMwendwa
Nick Mwendwa https://t.co/RMgrW2gW…",0,0,0,True,2021-11-02T03:59:16Z,"{""account_id"": 308428115, ""created_at"": ""2021-12-07T10:04:20.621781Z"", ""updated_at"": ""2021-12-07T10:04:20.621821Z"", ""name"": null, ""screen_name"": ""ragz2beechez"", ""verified"": false, ""protected"": false, ""location"": null, ""description"": null, ""followers_count"": 0, ""friends_count"": 0, ""favourites_count"": 0, ""statuses_count"": 0, ""profile_image_url"": null, ""deleted"": false}"
https://twitter.com/Shaddymusembi1/status/1455259990340538380,Shaddymusembi1,1455259990340538380,,,2021-12-07T10:19:14.202984Z,"#Whyiloveafrica
@fashionEA1 https://t.co/BvzwJJ03He",0,0,0,True,2021-11-01T19:47:11Z,"{""account_id"": 345280320, ""created_at"": ""2021-12-07T10:04:20.588917Z"", ""updated_at"": ""2021-12-07T10:04:20.588981Z"", ""name"": null, ""screen_name"": ""Shaddymusembi1"", ""verified"": false, ""protected"": false, ""location"": null, ""description"": null, ""followers_count"": 0, ""friends_count"": 0, ""favourites_count"": 0, ""statuses_count"": 0, ""profile_image_url"": null, ""deleted"": false}"
https://twitter.com/abuga_makori/status/1455192165471211532,abuga_makori,1455192165471211532,,,2021-12-07T10:19:13.410348Z,BREAKING: DP Ruto's ally and incoming Borabu MP Patrick Osero has quit UDA. Osero will now be joining ODM which he started with HE Raila Odinga slightly over a decade ago.. https://t.co/oQTkiHvfM6,0,0,0,True,2021-11-01T15:52:44Z,"{""account_id"": 1291576616, ""created_at"": ""2021-12-07T10:04:20.594991Z"", ""updated_at"": ""2021-12-07T10:04:20.595088Z"", ""name"": null, ""screen_name"": ""abuga_makori"", ""verified"": false, ""protected"": false, ""location"": null, ""description"": null, ""followers_count"": 0, ""friends_count"": 0, ""favourites_count"": 0, ""statuses_count"": 0, ""profile_image_url"": null, ""deleted"": false}"
https://twitter.com/ragz2beechez/status/1455200474693607430,ragz2beechez,1455200474693607430,,,2021-12-07T10:19:13.590585Z,"RT @lorkodi: Amd Whats the reason why Nick mwendwa is still holding tge FKF offices? Hes once talked  of how untalented the players are
#Co…",0,0,0,True,2021-11-01T15:50:17Z,"{""account_id"": 308428115, ""created_at"": ""2021-12-07T10:04:20.621781Z"", ""updated_at"": ""2021-12-07T10:04:20.621821Z"", ""name"": null, ""screen_name"": ""ragz2beechez"", ""verified"": false, ""protected"": false, ""location"": null, ""description"": null, ""followers_count"": 0, ""friends_count"": 0, ""favourites_count"": 0, ""statuses_count"": 0, ""profile_image_url"": null, ""deleted"": false}"
https://twitter.com/ragz2beechez/status/1455200183957000202,ragz2beechez,1455200183957000202,,,2021-12-07T10:19:13.573598Z,"RT @lorkodi: ""I find that Nick mwendwa  has every right as a member of the public to seek information as clearly provided in the constituti…",0,0,0,True,2021-11-01T15:49:38Z,"{""account_id"": 308428115, ""created_at"": ""2021-12-07T10:04:20.621781Z"", ""updated_at"": ""2021-12-07T10:04:20.621821Z"", ""name"": null, ""screen_name"": ""ragz2beechez"", ""verified"": false, ""protected"": false, ""location"": null, ""description"": null, ""followers_count"": 0, ""friends_count"": 0, ""favourites_count"": 0, ""statuses_count"": 0, ""profile_image_url"": null, ""deleted"": false}"
https://twitter.com/ragz2beechez/status/1455199992789020680,ragz2beechez,1455199992789020680,,,2021-12-07T10:19:13.565981Z,RT @lorkodi: The Sports department also irregularly disbursed Sh529.9 million to organisations that are not registered by the Commissioner…,0,0,0,True,2021-11-01T15:48:33Z,"{""account_id"": 308428115, ""created_at"": ""2021-12-07T10:04:20.621781Z"", ""updated_at"": ""2021-12-07T10:04:20.621821Z"", ""name"": null, ""screen_name"": ""ragz2beechez"", ""verified"": false, ""protected"": false, ""location"": null, ""description"": null, ""followers_count"": 0, ""friends_count"": 0, ""favourites_count"": 0, ""statuses_count"": 0, ""profile_image_url"": null, ""deleted"": false}"
https://twitter.com/abuga_makori/status/1455046502259347458,abuga_makori,1455046502259347458,,,2021-12-07T10:19:12.111481Z,DP Ruto will be visiting my county today. His Nyamira trip will start at Chepilat then Kitutu Masaba. He's welcome. CS Matiang'i postponed launching of Chepngombe/Riangombe Hospital to allow Ruto and his goons complete their journey without interruption..,0,0,0,True,2021-11-01T05:43:33Z,"{""account_id"": 1291576616, ""created_at"": ""2021-12-07T10:04:20.594991Z"", ""updated_at"": ""2021-12-07T10:04:20.595088Z"", ""name"": null, ""screen_name"": ""abuga_makori"", ""verified"": false, ""protected"": false, ""location"": null, ""description"": null, ""followers_count"": 0, ""friends_count"": 0, ""favourites_count"": 0, ""statuses_count"": 0, ""profile_image_url"": null, ""deleted"": false}"
